id,class,color,name,longitude,latitude
fr1,councildata,#4b4c7a,CALLE ESPARTEROS 1,-3.704921900000000,40.416361100000003
fr2,councildata,#4b4c7a,CALLE MAYOR 6,-3.705441500000000,40.416684600000004
fr3,councildata,#4b4c7a,CALLE OLIVAR 54,-3.701431900000000,40.409161900000001
fr4,councildata,#4b4c7a,PLAZA MANUEL BECERRA 12,-3.667592199999999,40.428282000000003
fr5,councildata,#4b4c7a,CALLE ALCALA 126,-3.671652800000000,40.426464000000003
fr6,councildata,#4b4c7a,CALLE DOCTOR ESQUERDO 5,-3.668270700000000,40.427242399999997
fr7,councildata,#4b4c7a,CALLE RAMOS CARRION 11,-3.668146800000000,40.446626400000000
fr8,councildata,#4b4c7a,CALLE LOPEZ DE HOYOS 103,-3.672448400000000,40.445391200000003
fr9,councildata,#4b4c7a,CALLE CONSTANCIA 1,-3.674485400000000,40.441020999999999
fr10,councildata,#4b4c7a,CALLE BRAVO MURILLO 175,-3.703242100000000,40.453151400000003
fr11,councildata,#4b4c7a,CALLE FERNANDEZ DE LOS RIOS 79,-3.715228900000000,40.435323400000001
fr12,councildata,#4b4c7a,CALLE OLIVA DE PLASENCIA 1,-3.779563300000000,40.378500799999998
fr13,councildata,#4b4c7a,CALLE GENERAL RICARDOS 139,-3.729472400000000,40.389850600000003
fr14,councildata,#4b4c7a,CALLE GENERAL RICARDOS 153,-3.730958300000000,40.388872100000000
fr15,councildata,#4b4c7a,CALLE EUGENIA DE MONTIJO 110,-3.751166400000000,40.374625500000000
fr16,councildata,#4b4c7a,CALLE GENERAL RICARDOS 71,-3.722189300000000,40.393957100000002
fr17,councildata,#4b4c7a,CALLE GENERAL RICARDOS 176,-3.734087500000000,40.387250299999998
fr18,councildata,#4b4c7a,CALLE OCA 61,-3.739019700000000,40.388928200000002
fr19,councildata,#4b4c7a,CALLE LAGUNA 20,-3.742291000000000,40.391315800000008
fr20,councildata,#4b4c7a,CALLE GABINO JIMENO 5,-3.706904100000000,40.386631000000001
fr21,councildata,#4b4c7a,CALLE AMPARO USERA 39,-3.705561300000000,40.387068499999998
fr22,councildata,#4b4c7a,AVENIDA MONTE IGUELDO 23,-3.668076699999999,40.396530200000001
fr23,councildata,#4b4c7a,CALLE FUENTE CARRANTONA 55,-3.630169600000000,40.410097600000000
fr24,councildata,#4b4c7a,CALLE CORREGIDOR DIEGO DE VALDERRABANO 25,-3.658360100000000,40.411858100000003
fr25,councildata,#4b4c7a,CALLE MARCELINO ALVAREZ 2,-3.654251900000000,40.432054899999997
fr26,councildata,#4b4c7a,CALLE GERARDO CORDON 1,-3.655472000000000,40.425802699999998
fr27,councildata,#4b4c7a,CALLE ALCALÁ 361,-3.645302100000000,40.434718199999999
fr28,councildata,#4b4c7a,CALLE ALCALA 425,-3.637178200000000,40.438302899999996
fr29,councildata,#4b4c7a,CARRETERA CANILLAS 60,-3.647075399999999,40.463117400000002
fr30,councildata,#4b4c7a,CALLE ENCARNACION OVIOL 41,-3.687937800000000,40.350608899999997
fr31,councildata,#4b4c7a,CALLE MARIA MARTINEZ OVIOL 1,-3.691417400000000,40.351557999999997
fr32,councildata,#4b4c7a,CALLE ADOLFO BIOY CASARES 2,-3.599167600000000,40.368925300000001
fr33,councildata,#4b4c7a,CALLE CONDESA VEGA DEL POZO 8,-3.608086900000000,40.403601399999999
fr34,councildata,#4b4c7a,AVENIDA REAL 21,-3.607949800000000,40.402818500000002
fr35,councildata,#4b4c7a,AVENIDA GENERAL 29,-3.578832000000000,40.472176900000001
fr36,councildata,#4b4c7a,CALLE MARQUES DE URQUIJO 12,-3.717679300000000,40.430347500000003
fr37,councildata,#4b4c7a,CALLE OCAÑA 1,-3.732388799999999,40.388794599999997
fr38,councildata,#4b4c7a,CALLE HORTALEZA 2,-3.700948500000000,40.420318600000002
fr39,councildata,#4b4c7a,CALLE MONTERA 5,-3.703069499999999,40.417386399999998
fr40,councildata,#4b4c7a,PASEO DELICIAS 31,-3.693109800000000,40.404411899999999
fr41,councildata,#4b4c7a,CALLE DOCTOR ESQUERDO 176,-3.674384000000000,40.402121800000003
fr42,councildata,#4b4c7a,CALLE GOYA 99,-3.673848700000000,40.424846400000000
fr43,councildata,#4b4c7a,CALLE DOCTOR ESQUERDO 3,-3.668206799999999,40.427494500000002
fr44,councildata,#4b4c7a,CALLE ALCALA 197,-3.667912100000000,40.428696000000002
fr45,councildata,#4b4c7a,CALLE CARTAGENA 115,-3.674844800000000,40.441066800000002
fr46,councildata,#4b4c7a,CALLE FRANCOS RODRIGUEZ 15,-3.704837400000000,40.456190800000002
fr47,councildata,#4b4c7a,CALLE BRAVO MURILLO 137,-3.703658200000000,40.450329000000004
fr48,councildata,#4b4c7a,CALLE BRAVO MURILLO 125,-3.703791200000000,40.449292300000003
fr49,councildata,#4b4c7a,CALLE ARAPILES 5,-3.705078800000000,40.433214599999999
fr50,councildata,#4b4c7a,CALLE FUENCARRAL 112,-3.702359600000000,40.429531200000000
fr51,councildata,#4b4c7a,CALLE PONFERRADA 9,-3.713532600000000,40.474945699999999
fr52,councildata,#4b4c7a,AVENIDA MONFORTE DE LEMOS 157,-3.714050000000000,40.476649999999999
fr53,councildata,#4b4c7a,PASEO EXTREMADURA 3,-3.725372400000000,40.413868600000001
fr54,councildata,#4b4c7a,CALLE VALMOJADO 231,-3.758467900000000,40.388948399999997
fr55,councildata,#4b4c7a,CALLE MAQUEDA 34,-3.764880500000000,40.393273499999999
fr56,councildata,#4b4c7a,CALLE OCA 70,-3.739495400000000,40.389059000000003
fr57,councildata,#4b4c7a,CALLE MARCELO USERA 57,-3.704347099999999,40.385857500000000
fr58,councildata,#4b4c7a,CALLE MARCELO USERA 61,-3.704774000000000,40.385883399999997
fr59,councildata,#4b4c7a,CALLE LAGARTERA 15,-3.673105600000000,40.382124900000001
fr60,councildata,#4b4c7a,CALLE VIZCONDE DE ARLESSON 1,-3.665672800000000,40.384166299999997
fr61,councildata,#4b4c7a,AVENIDA ALBUFERA 129,-3.658628400000000,40.392880499999997
fr62,councildata,#4b4c7a,AVENIDA MORATALAZ 135,-3.648521900000000,40.407116199999997
fr63,councildata,#4b4c7a,0,-3.703810100000000,40.416635900000003
fr64,councildata,#4b4c7a,CALLE EMILIO VARGAS 18,-3.651846800000000,40.448583200000002
fr65,councildata,#4b4c7a,CALLE LOPEZ DE HOYOS 472,-3.650231100000000,40.471153200000003
fr66,councildata,#4b4c7a,PASEO FEDERICO GARCIA LORCA 15,-3.620847100000000,40.378080300000008
fr67,councildata,#4b4c7a,CALLE ZUMEL 8,-3.626221400000000,40.428830900000001
fr68,councildata,#4b4c7a,CALLE POBLADURA DEL VALLE 15,-3.617308200000000,40.427477000000003
fr69,councildata,#4b4c7a,AVENIDA LOGROÑO 148,-3.581949200000000,40.473890399999988
fr70,councildata,#4b4c7a,CALLE AZCONA 24,-3.670602900000000,40.433512999999998
fr71,councildata,#4b4c7a,AVENIDA ESPINELA 12,-3.709469900000000,40.345172499999997
fr72,councildata,#4b4c7a,CALLE MAYOLICA 8,-3.616823300000000,40.426933499999997
fr73,councildata,#4b4c7a,CALLE DOCTOR ESQUERDO 130,-3.670404400000000,40.407140900000002
fr74,councildata,#4b4c7a,CALLE ABTAO 10,-3.676030600000000,40.403801500000000
fr75,councildata,#4b4c7a,CALLE MONTES ALBERES 2,-3.619153300000000,40.373857100000002
fr76,councildata,#4b4c7a,CALLE ARAPILES 4,-3.705173500000000,40.433482400000003
fr77,councildata,#4b4c7a,CALLE PUERTO DE PORZUNA 3,-3.620790700000000,40.375828899999988
fr78,councildata,#4b4c7a,PLAZA LAVAPIES 8,-3.701259800000000,40.408684000000001
fr79,councildata,#4b4c7a,PASEO CASTELLANA 91,-3.691598800000000,40.450529199999998
fr80,councildata,#4b4c7a,CALLE BRAVO MURILLO 95,-3.704208300000000,40.446115200000001
fr81,councildata,#4b4c7a,CALLE PRINCESA 31,-3.714754300000000,40.428052100000002
fr82,councildata,#4b4c7a,AVENIDA ALBUFERA 99,-3.660957400000000,40.394196699999988
fr83,councildata,#4b4c7a,CALLE BRAVO MURILLO 303,-3.697791799999999,40.462171900000008
fr84,councildata,#4b4c7a,AVENIDA REINA VICTORIA 6,-3.704842599999999,40.447207599999999
fr85,councildata,#4b4c7a,PLAZA LEGAZPI 3,-3.694328900000000,40.391132599999999
fr86,councildata,#4b4c7a,CALLE TEMBLEQUE 144,-3.765561600000000,40.391503100000001
fr87,councildata,#4b4c7a,CALLE CAMARENA 119,-3.755404300000000,40.390666000000003
fr88,councildata,#4b4c7a,CALLE FRAGATA 24,-3.735694000000000,40.394059599999999
fr89,councildata,#4b4c7a,CALLE VALDECALERAS 1,-3.646848400000000,40.463560200000003
fr90,councildata,#4b4c7a,CALLE ALCALA 160,-3.666974800000000,40.428733700000002
fr91,councildata,#4b4c7a,CALLE LAGO CONSTANZA 50,-3.646423300000000,40.430559799999997
fr92,councildata,#4b4c7a,CALLE BENITO PRIETO 12,-3.722586200000000,40.386667299999999
fr93,councildata,#4b4c7a,PASEO CASTELLANA 93,-3.691622200000000,40.450794299999998
fr94,councildata,#4b4c7a,CALLE ALCALA 307,-3.652521500000000,40.432673200000004
fr95,councildata,#4b4c7a,CALLE VIA CARPETANA 340,-3.743390000000000,40.390947699999998
fr96,councildata,#4b4c7a,PLAZA CONDE DEL VALLE DE SUCHIL 1,-3.707633600000000,40.430248100000000
fr97,councildata,#4b4c7a,CALLE GUZMAN EL BUENO 13,-3.713743199999999,40.431482899999999
fr98,councildata,#4b4c7a,AVENIDA AMERICA 24,-3.673997300000000,40.438717500000003
fr99,councildata,#4b4c7a,CALLE PRINCIPE DE VERGARA 269,-3.677177900000000,40.457506199999997
fr100,councildata,#4b4c7a,GLORIETA EMBAJADORES 4,-3.701910500000000,40.404743099999997
fr101,councildata,#4b4c7a,CALLE JOSE DE CADALSO 74,-3.769261500000000,40.378266199999999
fr102,councildata,#4b4c7a,CALLE DOLORES BARRANCO 33,-3.706012100000000,40.383178899999997
fr103,councildata,#4b4c7a,CALLE MARCELO USERA 121,-3.709332399999999,40.385270499999997
fr104,councildata,#4b4c7a,CALLE FERROCARRIL 38,-3.697788000000000,40.401204399999997
fr105,councildata,#4b4c7a,AVENIDA INSTITUCION LIBRE DE ENSEÑANZA 17,-3.696772500000000,40.434828899999999
fr106,councildata,#4b4c7a,CALLE REYES 7,-3.708919300000000,40.424236200000003
fr107,councildata,#4b4c7a,CALLE MARCELO USERA 2,-3.699984600000000,40.388179700000002
fr108,councildata,#4b4c7a,CALLE ARENAL 22,-3.707478900000000,40.417730499999998
fr109,councildata,#4b4c7a,CALLE BRAVO MURILLO 333,-3.695866800000000,40.464340999999997
fr110,councildata,#4b4c7a,AVENIDA MONFORTE DE LEMOS 131,-3.711491700000000,40.477642799999998
fr111,councildata,#4b4c7a,CALLE BRAVO MURILLO 141,-3.703664599999999,40.450500400000003
fr112,councildata,#4b4c7a,CALLE SESEÑA 50,-3.703790200000000,40.416775399999999
fr113,councildata,#4b4c7a,CALLE NARVAEZ 25,-3.675764199999999,40.421959399999999
fr114,councildata,#4b4c7a,CALLE FERROVIARIOS 42,-3.705071100000000,40.385014200000001
fr115,councildata,#4b4c7a,CALLE RAFAEL SALGADO 3,-3.688769300000000,40.454448800000002
fr116,councildata,#4b4c7a,AVENIDA INSTITUCION LIBRE DE ENSEÑANZA 1,-3.696772500000000,40.434828899999999
fr117,councildata,#4b4c7a,CALLE MAYOR 1,-3.704673200000000,40.416463000000000
fr118,councildata,#4b4c7a,CALLE ILLESCAS 18,-3.764952199999999,40.396068100000001
fr119,councildata,#4b4c7a,CALLE MONTERA 41,-3.702223000000000,40.419230399999996
fr120,councildata,#4b4c7a,CALLE GENERAL MARGALLO 4,-3.697568700000000,40.460929100000001
fr121,councildata,#4b4c7a,CALLE ETRURIA 3,-3.612131800000000,40.435874200000001
fr122,councildata,#4b4c7a,CALLE EZEQUIEL SOLANA 73,-3.643037100000000,40.428455900000003
fr123,councildata,#4b4c7a,CALLE CARRETAS 13,-3.702973100000000,40.416039900000001
fr124,councildata,#4b4c7a,CALLE O'DONNELL 21,-3.677901000000000,40.421794100000007
fr125,councildata,#4b4c7a,CALLE PALOMERAS 51,-3.664930399999999,40.389192999999999
fr126,councildata,#4b4c7a,CALLE ALCALA 399,-3.640998799999999,40.436732200000002
fr127,councildata,#4b4c7a,GLORIETA BILBAO 4,-3.701988399999999,40.429414500000000
fr128,councildata,#4b4c7a,CALLE SAN FAUSTINO 8,-3.609099900000000,40.447004199999988
fr129,councildata,#4b4c7a,AVENIDA ALBUFERA 25,-3.667005800000000,40.397295300000003
fr130,councildata,#4b4c7a,CALLE BLASCO DE GARAY 15,-3.711828799999999,40.431552000000003
fr131,councildata,#4b4c7a,PASEO MARCELINO CAMACHO 60,-3.743965200000000,40.387488599999998
fr132,councildata,#4b4c7a,CALLE PEDRO LABORDE 28,-3.648057300000000,40.388728899999997
fr133,councildata,#4b4c7a,CALLE ANTONIO LOPEZ 57,-3.709107399999999,40.394787500000000
fr134,councildata,#4b4c7a,CALLE ARAPILES 11,-3.705918800000000,40.432920500000002
fr135,councildata,#4b4c7a,AVENIDA ALBUFERA 17,-3.667448400000000,40.397568300000003
fr136,councildata,#4b4c7a,CALLE ALCALA 390,-3.640583100000000,40.436606200000000
fr137,councildata,#4b4c7a,CALLE FRANCISCO SILVELA 54,-3.674081600000000,40.434967700000001
fr138,councildata,#4b4c7a,CALLE MENDEZ ALVARO 83,-3.678535200000000,40.395128100000001
fr139,councildata,#4b4c7a,CALLE PRINCESA 5,-3.712933400000000,40.424895399999997
fr140,councildata,#4b4c7a,AVENIDA RAFAEL ALBERTI 27,-3.640872100000000,40.386467699999997
fr141,councildata,#4b4c7a,CALLE VICENTE CARBALLAL 3,-3.682753900000000,40.352924500000000
fr142,councildata,#4b4c7a,CALLE GRAN VIA 50,-3.706567300000000,40.420901800000003
fr143,councildata,#4b4c7a,CALLE EMBAJADORES 176,-3.695355200000000,40.394875399999997
fr144,councildata,#4b4c7a,CALLE EMILIO FERRARI 58,-3.641253200000000,40.431103999999998
fr145,councildata,#4b4c7a,CALLE ANTONIA CALAS 15,-3.668166600000000,40.397230100000009
fr146,councildata,#4b4c7a,AVENIDA REINA VICTORIA 4,-3.704846000000000,40.447209800000003
fr147,councildata,#4b4c7a,CALLE BENIFERRI 1,-3.690858500000000,40.344981199999999
fr148,councildata,#4b4c7a,CALLE VILLAAMIL 76,-3.708049300000000,40.461599600000000
fr149,councildata,#4b4c7a,CALLE ROCAFORT 20,-3.687420000000000,40.341439999999999
fr150,councildata,#4b4c7a,CALLE CRISTO DE LA VICTORIA 185,-3.705683900000000,40.379054600000003
fr151,councildata,#4b4c7a,CALLE FERNANDO EL CATOLICO 3,-3.706187200000000,40.433585600000001
fr152,councildata,#4b4c7a,AVENIDA PALOMERAS 142,-3.649679000000000,40.386092099999999
fr153,councildata,#4b4c7a,BULEVAR INDALECIO PRIETO 32,-3.622541500000000,40.398623600000001
fr154,councildata,#4b4c7a,CALLE MONTERA 44,-3.701570000000000,40.419480000000000
fr155,councildata,#4b4c7a,CALLE CAPITAN BLANCO ARGIBAY 101,-3.703709300000000,40.466817399999996
fr156,councildata,#4b4c7a,CALLE FRANCISCO SILVELA 54,-3.674081600000000,40.434967700000001
fr157,councildata,#4b4c7a,AVENIDA MARQUES DE CORBERA 9,-3.655407399999999,40.423505499999997
fr158,councildata,#4b4c7a,CALLE CAMINO VIEJO DE LEGANES 147,-3.729189100000000,40.383450000000003
fr159,councildata,#4b4c7a,CALLE CARLOS MARTIN ALVAREZ 100,-3.666417000000000,40.386057399999999
fr160,councildata,#4b4c7a,AVENIDA GALAXIA 8,-3.785507800000000,40.458371300000003
fr161,councildata,#4b4c7a,CALLE BERNARDINA ARANGUREN 16,-3.741391200000000,40.388777099999999
fr162,councildata,#4b4c7a,CALLE MARCELO USERA 100,-3.708073600000000,40.385698599999998
fr163,councildata,#4b4c7a,CALLE MARCELO USERA 48,-3.703157800000000,40.386253500000002
fr164,councildata,#4b4c7a,CALLE MARCELO USERA 85,-3.706527500000000,40.385588899999988
fr165,councildata,#4b4c7a,CALLE CAMINO VIEJO DE LEGANES 141,-3.728814000000000,40.384046400000003
fr166,councildata,#4b4c7a,CALLE SERRANIA DE RONDA 3,-3.620404100000000,40.379776000000000
fr167,councildata,#4b4c7a,CALLE BRAVO MURILLO 345,-3.695069200000000,40.464658700000001
fr168,councildata,#4b4c7a,CALLE ISABELITA USERA 24,-3.708045000000000,40.384209400000003
fr169,councildata,#4b4c7a,CALLE GENERAL RICARDOS 171,-3.734047900000000,40.386814000000001
fr170,councildata,#4b4c7a,CALLE JOSE DEL HIERRO 39,-3.644463300000000,40.440220199999999
fr171,councildata,#4b4c7a,CALLE VIRGEN DE LA ROCA 43,-3.658106399999999,40.434918900000000
fr172,councildata,#4b4c7a,CALLE VIRGEN DEL SAGRARIO 3,-3.647799900000000,40.434057699999997
fr173,councildata,#4b4c7a,CALLE PENYA RUBIA 1,-3.667011500000000,40.396889600000002
fr174,councildata,#4b4c7a,CALLE ANTONIO LOPEZ 49,-3.710207099999999,40.395332900000000
fr175,councildata,#4b4c7a,CALLE ALCALA 419,-3.637779900000000,40.438164399999998
fr176,councildata,#4b4c7a,CALLE MARCELO USERA 55,-3.704180200000000,40.385919100000002
fr177,councildata,#4b4c7a,AVENIDA INSTITUCION LIBRE DE ENSEÑANZA 43,-3.696772500000000,40.434828899999999
fr178,councildata,#4b4c7a,CALLE DONOSO CORTES 1,-3.704727100000000,40.435984099999999
fr179,councildata,#4b4c7a,CALLE LOPE DE HARO 15,-3.703541800000000,40.456825100000003
fr180,councildata,#4b4c7a,CALLE SAN CIPRIANO 35,-3.603415500000000,40.404306200000001
fr181,councildata,#4b4c7a,CALLE SAN CIPRIANO 44,-3.604060000000000,40.403810000000000
fr182,councildata,#4b4c7a,PASEO RECOLETOS 41,-3.691881100000000,40.425086000000000
fr183,councildata,#4b4c7a,CALLE MARIA MARTINEZ OVIOL 3,-3.691416100000000,40.351323600000001
fr184,councildata,#4b4c7a,CALLE ARACNE 3,-3.587508400000000,40.446940800000000
fr185,councildata,#4b4c7a,CALLE DOCTOR URQUIOLA 5,-3.742423800000000,40.387563800000002
fr186,councildata,#4b4c7a,CALLE ISABELITA USERA 42,-3.707777300000000,40.382850500000004
fr187,councildata,#4b4c7a,CALLE QUERO 59,-3.760360000000000,40.390371799999997
fr188,councildata,#4b4c7a,CALLE MALDONADO 62,-3.674066399999999,40.433346100000001
fr189,councildata,#4b4c7a,CALLE CONDE DE PEÑALVER 70,-3.703790200000000,40.416775399999999
fr190,councildata,#4b4c7a,CALLE EMBAJADORES 4,-3.706844600000000,40.410435100000001
fr191,councildata,#4b4c7a,RONDA ATOCHA 12,-3.696592299999999,40.406904200000000
fr192,councildata,#4b4c7a,CALLE ATOCHA 57,-3.699726000000000,40.412815500000001
fr193,councildata,#4b4c7a,CALLE CARRANZA 27,-3.705180300000000,40.429347100000001
fr194,councildata,#4b4c7a,CALLE PRECIADOS 32,-3.706429399999999,40.419776800000001
fr195,councildata,#4b4c7a,CALLE ESPOZ Y MINA 2,-3.702383700000000,40.416508200000003
fr196,councildata,#4b4c7a,PLAZA JACINTO BENAVENTE 5,-3.703779900000000,40.414759900000000
fr197,councildata,#4b4c7a,PLAZA JACINTO BENAVENTE 5,-3.703779900000000,40.414759900000000
fr198,councildata,#4b4c7a,CALLE TOLEDO 61,-3.707955400000000,40.411290700000002
fr199,councildata,#4b4c7a,CALLE ERCILLA 53,-3.700759600000000,40.400469500000000
fr200,councildata,#4b4c7a,PASEO SANTA MARIA DE LA CABEZA 75,-3.701184399999999,40.398634100000002
fr201,councildata,#4b4c7a,CALLE ALONSO CARBONELL 2,-3.696637100000000,40.395309300000001
fr202,councildata,#4b4c7a,CALLE EUGENIO SELLES 1,-3.698825600000000,40.395824400000002
fr203,councildata,#4b4c7a,CALLE VITAL AZA 53,-3.640840400000000,40.432643200000001
fr204,councildata,#4b4c7a,CALLE EMBAJADORES 55,-3.701879600000000,40.404613800000000
fr205,councildata,#4b4c7a,CALLE SEBASTIAN ELCANO 3,-3.701255100000000,40.404211699999998
fr206,councildata,#4b4c7a,PASEO DELICIAS 74,-3.694477000000000,40.398935700000003
fr207,councildata,#4b4c7a,PASEO DELICIAS 49,-3.693551700000000,40.402661799999997
fr208,councildata,#4b4c7a,CALLE BATALLA DEL SALADO 16,-3.696078200000000,40.402366200000003
fr209,councildata,#4b4c7a,CALLE TORTOSA 3,-3.692713400000000,40.406412799999998
fr210,councildata,#4b4c7a,PASEO JUAN ANTONIO VALLEJO-NAJERA BOTAS 52,-3.714935800000000,40.404130299999998
fr211,councildata,#4b4c7a,CALLE CARLOS Y GUILLERMO FERNANDEZ SHAW 1,-3.669163100000000,40.406055500000001
fr212,councildata,#4b4c7a,CALLE CARTAGENA 142,-3.675624900000000,40.442610400000000
fr213,councildata,#4b4c7a,CALLE SAN NAZARIO 2,-3.667037600000000,40.447774199999998
fr214,councildata,#4b4c7a,CALLE LOPEZ DE HOYOS 117,-3.671633000000000,40.445959700000003
fr215,councildata,#4b4c7a,AVENIDA AMERICA 7,-3.676993099999999,40.438176499999997
fr216,councildata,#4b4c7a,CALLE CLARA DEL REY 27,-3.671808299999999,40.441552899999998
fr217,councildata,#4b4c7a,CALLE POTOSI 8,-3.678541000000000,40.456823800000002
fr218,councildata,#4b4c7a,CALLE TIMON 30,-3.588363300000000,40.472352899999997
fr219,councildata,#4b4c7a,CALLE BRAVO MURILLO 155,-3.703477899999999,40.451737600000001
fr220,councildata,#4b4c7a,CALLE BRAVO MURILLO 159,-3.703478500000000,40.452082900000001
fr221,councildata,#4b4c7a,CALLE ORENSE 23,-3.695408500000000,40.451005599999988
fr222,councildata,#4b4c7a,CALLE BRAVO MURILLO 208,-3.701576600000000,40.457014999999998
fr223,councildata,#4b4c7a,CALLE BRAVO MURILLO 228,-3.700607600000000,40.458275500000013
fr224,councildata,#4b4c7a,CALLE PENSAMIENTO 2,-3.699007500000000,40.459613500000003
fr225,councildata,#4b4c7a,CALLE CAPITAN BLANCO ARGIBAY 24,-3.697693100000000,40.465217099999997
fr226,councildata,#4b4c7a,CALLE BRAVO MURILLO 294,-3.697447699999999,40.461970200000003
fr227,councildata,#4b4c7a,CALLE MARQUES DE VIANA 29,-3.700799400000000,40.461718699999999
fr228,councildata,#4b4c7a,CALLE FRANCOS RODRIGUEZ 30,-3.704456900000000,40.456044400000003
fr229,councildata,#4b4c7a,CALLE BRAVO MURILLO 174,-3.702771000000000,40.453865999999998
fr230,councildata,#4b4c7a,AVENIDA ASTURIAS 53,-3.697858100000000,40.471015399999999
fr231,councildata,#4b4c7a,CALLE GUZMAN EL BUENO 67,-3.713228500000000,40.435983299999997
fr232,councildata,#4b4c7a,CALLE JERONIMO DE LA QUINTANA 11,-3.704684100000000,40.431315800000000
fr233,councildata,#4b4c7a,CALLE SANTA ENGRACIA 73,-3.699084700000000,40.435265299999998
fr234,councildata,#4b4c7a,CALLE ELOY GONZALO 27,-3.700515100000000,40.434714000000000
fr235,councildata,#4b4c7a,CALLE PONZANO 61,-3.699293000000000,40.441583000000001
fr236,councildata,#4b4c7a,CALLE PONCE DE LEON 2,-3.698813300000000,40.435969299999996
fr237,councildata,#4b4c7a,GLORIETA CUATRO CAMINOS 1,-3.704366900000000,40.446587000000001
fr238,councildata,#4b4c7a,AVENIDA REINA VICTORIA 5,-3.704684100000000,40.446497399999998
fr239,councildata,#4b4c7a,GLORIETA LOS CARMENES 1,-3.743072600000000,40.395253300000000
fr240,councildata,#4b4c7a,PASEO EXTREMADURA 34,-3.729016400000000,40.413637700000002
fr241,councildata,#4b4c7a,PASEO EXTREMADURA 105,-3.734325500000000,40.411262800000003
fr242,councildata,#4b4c7a,AVENIDA PORTUGAL 131,-3.736328700000000,40.411695199999997
fr243,councildata,#4b4c7a,CALLE GUADARRAMA 26,-3.730908600000000,40.410665600000002
fr244,councildata,#4b4c7a,PASEO EXTREMADURA 160,-3.739549500000000,40.409729800000001
fr245,councildata,#4b4c7a,CALLE HUERTA DE CASTAÑEDA 25,-3.703790200000000,40.416775399999999
fr246,councildata,#4b4c7a,CALLE HUERTA DE CASTAÑEDA 34,-3.703790200000000,40.416775399999999
fr247,councildata,#4b4c7a,CALLE OCAÑA 63,-3.739202400000000,40.388893400000001
fr248,councildata,#4b4c7a,CALLE VIA CARPETANA 324,-3.742692900000000,40.391735500000003
fr249,councildata,#4b4c7a,CALLE ESCALONA 88,-3.766646900000000,40.395366199999998
fr250,councildata,#4b4c7a,CALLE GALICIA 14,-3.771496700000000,40.397898800000000
fr251,councildata,#4b4c7a,PASEO EXTREMADURA 100,-3.733039600000000,40.412136699999998
fr252,councildata,#4b4c7a,AVENIDA OSA MAYOR 34,-3.779394500000000,40.459550200000002
fr253,councildata,#4b4c7a,CALLE FERMIN CABALLERO 76,-3.714774100000000,40.481618200000000
fr254,councildata,#4b4c7a,CALLE ISLA DE ONS 20,-3.721937200000000,40.480092800000001
fr255,councildata,#4b4c7a,CALLE FERMIN CABALLERO 7,-3.699834500000000,40.486702500000000
fr256,councildata,#4b4c7a,CALLE SARRIA 52,-3.714140000000000,40.475749999999998
fr257,councildata,#4b4c7a,AVENIDA MONFORTE DE LEMOS 119,-3.709210000000000,40.478130000000000
fr258,councildata,#4b4c7a,CALLE GINZO DE LIMIA 39,-3.704429800000000,40.478849900000000
fr259,councildata,#4b4c7a,CALLE ISLA PARAGUA 16,-3.686792899999999,40.493152700000003
fr260,councildata,#4b4c7a,CALLE GRAN AVENIDA 35,-3.705878300000000,40.370055099999988
fr261,councildata,#4b4c7a,CALLE GRAN AVENIDA 24,-3.705521900000000,40.369267399999998
fr262,councildata,#4b4c7a,CALLE JULIO MERINO 3,-3.702778500000000,40.383070699999998
fr263,councildata,#4b4c7a,CALLE PILARICA 18,-3.703435300000000,40.385966199999999
fr264,councildata,#4b4c7a,CALLE MARCELO USERA 3,-3.700169600000000,40.387595200000000
fr265,councildata,#4b4c7a,CALLE MARCELO USERA 16,-3.700739800000000,40.387484299999997
fr266,councildata,#4b4c7a,CALLE MARCELO USERA 74,-3.705505300000000,40.385963699999998
fr267,councildata,#4b4c7a,CALLE CRISTO DE LA VICTORIA 88,-3.703170500000000,40.380782099999998
fr268,councildata,#4b4c7a,CALLE SAN MAXIMO 31,-3.693228700000000,40.376764100000003
fr269,councildata,#4b4c7a,CALLE CALDERILLA 1,-3.737479099999999,40.363727799999999
fr270,councildata,#4b4c7a,GLORIETA VALLE DE ORO 2,-3.730906300000000,40.388641999999997
fr271,councildata,#4b4c7a,CALLE GENERAL RICARDOS 83,-3.722784099999999,40.393540199999997
fr272,councildata,#4b4c7a,CALLE GENERAL RICARDOS 40,-3.720147000000000,40.395593599999998
fr273,councildata,#4b4c7a,CALLE LUISA MUÑOZ 2,-3.714876300000000,40.425959800000001
fr274,councildata,#4b4c7a,CALLE OCA 22,-3.733690200000000,40.389493899999998
fr275,councildata,#4b4c7a,CALLE LAGUNA 28,-3.742358499999999,40.390742299999999
fr276,councildata,#4b4c7a,CALLE VIA CARPETANA 173,-3.743251100000000,40.390494800000013
fr277,councildata,#4b4c7a,PASEO MARCELINO CAMACHO 24,-3.741406400000000,40.386556900000002
fr278,councildata,#4b4c7a,CALLE GUABAIRO 19,-3.745675700000000,40.385719299999998
fr279,councildata,#4b4c7a,AVENIDA NUESTRA SEÑORA DE FATIMA 96,-3.747655500000000,40.382816299999988
fr280,councildata,#4b4c7a,CALLE MATILDE HERNANDEZ 101,-3.737771100000000,40.386093799999998
fr281,councildata,#4b4c7a,CALLE ABOLENGO 20,-3.737756700000000,40.389140699999999
fr282,councildata,#4b4c7a,CALLE RAMON SAINZ 38,-3.739420900000000,40.388719199999997
fr283,councildata,#4b4c7a,AVENIDA OPORTO 91,-3.731727900000000,40.387874199999999
fr284,councildata,#4b4c7a,CALLE CAMINO VIEJO DE LEGANES 166,-3.731965500000000,40.380417000000001
fr285,councildata,#4b4c7a,AVENIDA CARABANCHEL ALTO 62,-3.753296000000000,40.370045599999997
fr286,councildata,#4b4c7a,AVENIDA ABRANTES 97,-3.728994400000000,40.379786299999999
fr287,councildata,#4b4c7a,CALLE MARTINEZ DE LA RIVA 4,-3.667746299999999,40.395258400000003
fr288,councildata,#4b4c7a,AVENIDA PABLO NERUDA 93,-3.662062800000000,40.381250299999998
fr289,councildata,#4b4c7a,CALLE CONVENIO 35,-3.671732000000000,40.390753500000002
fr290,councildata,#4b4c7a,AVENIDA ALBUFERA 18,-3.667972500000000,40.397494299999998
fr291,councildata,#4b4c7a,AVENIDA MONTE IGUELDO 25,-3.668140100000000,40.396466300000000
fr292,councildata,#4b4c7a,CALLE MARTINEZ DE LA RIVA 16,-3.666555500000000,40.394055399999999
fr293,councildata,#4b4c7a,CALLE MARTINEZ DE LA RIVA 33,-3.666236100000000,40.393692799999997
fr294,councildata,#4b4c7a,CALLE MARTINEZ DE LA RIVA 33,-3.666236100000000,40.393692799999997
fr295,councildata,#4b4c7a,CALLE PUERTO DE BALBARAN 41,-3.668087399999999,40.382435699999988
fr296,councildata,#4b4c7a,CALLE PEDRO LABORDE 49,-3.649662400000000,40.386412000000000
fr297,councildata,#4b4c7a,AVENIDA PEÑA PRIETA 62,-3.703790200000000,40.416775399999999
fr298,councildata,#4b4c7a,CALLE SANTA MARTA 20,-3.661749400000000,40.402764800000000
fr299,councildata,#4b4c7a,AVENIDA PEÑA PRIETA 11,-3.703790200000000,40.416775399999999
fr300,councildata,#4b4c7a,CALLE COIN 9,-3.639961100000000,40.386893200000003
fr301,councildata,#4b4c7a,CALLE SIERRA SALVADA 37,-3.648354800000000,40.388718999999988
fr302,councildata,#4b4c7a,AVENIDA SANTA EUGENIA 29,-3.612287100000000,40.384335100000001
fr303,councildata,#4b4c7a,CALLE ALBINO HERNANDEZ LAZARO 36,-3.707280700000000,40.345693300000001
fr304,councildata,#4b4c7a,PASEO ALBERTO PALACIOS 23,-3.711730900000000,40.345879699999998
fr305,councildata,#4b4c7a,CALLE ROCAFORT 109,-3.686386700000000,40.342567699999996
fr306,councildata,#4b4c7a,AVENIDA OROVILLA 47,-3.689320000000000,40.360550000000003
fr307,councildata,#4b4c7a,CALLE MARROQUINA 22,-3.649230999999999,40.407253200000000
fr308,councildata,#4b4c7a,CALLE MANUEL MACHADO 6,-3.659331700000000,40.411565600000003
fr309,councildata,#4b4c7a,CALLE VILLARDONDIEGO 39,-3.607971300000000,40.404636300000000
fr310,councildata,#4b4c7a,CALLE ALCALA 626,-3.609438400000000,40.448283699999998
fr311,councildata,#4b4c7a,CALLE ALCALA 603,-3.612539800000000,40.446763599999997
fr312,councildata,#4b4c7a,CALLE LOPEZ DE HOYOS 476,-3.649769300000000,40.471442099999997
fr313,councildata,#4b4c7a,CALLE SANTA VIRGILIA 1,-3.645439799999999,40.477328900000003
fr314,councildata,#4b4c7a,CALLE GUATAVITA 1,-3.635911600000000,40.471936499999998
fr315,councildata,#4b4c7a,AVENIDA MARQUES DE CORBERA 40,-3.652377299999999,40.425113300000000
fr316,councildata,#4b4c7a,CALLE ALCALA 308,-3.649043300000000,40.432845299999997
fr317,councildata,#4b4c7a,CALLE ALCALA 341,-3.647112300000000,40.433736000000003
fr318,councildata,#4b4c7a,CALLE ALCALA 339,-3.647868599999999,40.433515300000003
fr319,councildata,#4b4c7a,CALLE EMILIO VARGAS 20,-3.651462500000000,40.448915799999988
fr320,councildata,#4b4c7a,CALLE LOPEZ DE HOYOS 346,-3.660224700000000,40.457923100000002
fr321,councildata,#4b4c7a,CALLE RAQUEL MELLER 2,-3.657333400000000,40.432382400000002
fr322,councildata,#4b4c7a,CALLE GENERAL ORAA 32,-3.682464600000000,40.436032099999998
fr323,councildata,#4b4c7a,CALLE PRINCIPE 15,-3.700221800000000,40.415469299999998
fr324,councildata,#4b4c7a,CALLE HORTALEZA 35,-3.699823200000000,40.422166199999999
fr325,councildata,#4b4c7a,PASEO DELICIAS 87,-3.694307700000000,40.396071499999998
fr326,councildata,#4b4c7a,CALLE EMBAJADORES 117,-3.697330900000000,40.398451299999998
fr327,councildata,#4b4c7a,CALLE MENDEZ ALVARO 6,-3.692713400000000,40.406651400000008
fr328,councildata,#4b4c7a,CALLE TOPETE 31,-3.704566400000000,40.450892199999998
fr329,councildata,#4b4c7a,AVENIDA GENERAL PERON 36,-3.693506100000000,40.452019800000002
fr330,councildata,#4b4c7a,CALLE INFANTA MERCEDES 73,-3.696201300000000,40.461151500000000
fr331,councildata,#4b4c7a,CALLE CEDROS 3,-3.692723300000000,40.467171499999999
fr332,councildata,#4b4c7a,CALLE BRAVO MURILLO 306,-3.696518300000000,40.463127700000001
fr333,councildata,#4b4c7a,CALLE ILLESCAS 46,-3.761920800000000,40.393014899999997
fr334,councildata,#4b4c7a,PASEO ERMITA DEL SANTO 48,-3.724651000000000,40.406843500000001
fr335,councildata,#4b4c7a,CALLE GRAN AVENIDA 2,-3.710710299999999,40.369255799999998
fr336,councildata,#4b4c7a,CALLE MEZQUITA 11,-3.690455100000000,40.373822699999998
fr337,councildata,#4b4c7a,CALLE FELIPE CASTRO 27,-3.708974200000000,40.384195599999998
fr338,councildata,#4b4c7a,CALLE EUGENIO CAXES 14,-3.702968899999999,40.391759700000001
fr339,councildata,#4b4c7a,CALLE DOLORES BARRANCO 52,-3.707062700000000,40.383443600000000
fr340,councildata,#4b4c7a,AVENIDA NUESTRA SEÑORA DE VALVANERA 114,-3.739759399999999,40.392324599999988
fr341,councildata,#4b4c7a,CALLE VIA CARPETANA 137,-3.740158100000000,40.393325900000001
fr342,councildata,#4b4c7a,CALLE GENERAL RICARDOS 157,-3.732265700000000,40.388039399999997
fr343,councildata,#4b4c7a,RONDA DON BOSCO 10,-3.752530000000000,40.375660000000003
fr344,councildata,#4b4c7a,CALLE FRANCISCO DE ICAZA 12,-3.727999200000000,40.385238600000001
fr345,councildata,#4b4c7a,AVENIDA PESETA 92,-3.750184299999999,40.361935799999998
fr346,councildata,#4b4c7a,CALLE MARROQUINA 12,-3.650168100000000,40.406968200000001
fr347,councildata,#4b4c7a,CALLE ESCORIAZA 4,-3.694765600000000,40.351262100000000
fr348,councildata,#4b4c7a,CALLE SELMA LAGERLOFF 12,-3.687901600000000,40.354374900000003
fr349,councildata,#4b4c7a,CALLE BERROCAL 9,-3.676037699999999,40.344118700000003
fr350,councildata,#4b4c7a,CALLE JESUS DEL PINO 22,-3.623477000000000,40.381435300000000
fr351,councildata,#4b4c7a,CALLE VILLAJIMENA 18,-3.607423800000000,40.406637600000003
fr352,councildata,#4b4c7a,AVENIDA PABLO NERUDA 61,-3.649474700000000,40.382247399999997
fr353,councildata,#4b4c7a,CALLE SAN CLAUDIO 57,-3.639785500000000,40.390270100000002
fr354,councildata,#4b4c7a,CALLE PEDRO LABORDE 14,-3.647868599999999,40.389060499999999
fr355,councildata,#4b4c7a,CALLE SANTA MARTA 20,-3.661749400000000,40.402764800000000
fr356,councildata,#4b4c7a,CALLE MONTE PERDIDO 29,-3.669672000000000,40.393960900000003
fr357,councildata,#4b4c7a,CALLE ALCALA 590,-3.612090100000000,40.446549200000000
fr358,councildata,#4b4c7a,AVENIDA NIZA 67,-3.608151500000000,40.434087300000002
fr359,councildata,#4b4c7a,CALLE ALCALA 423,-3.637356400000000,40.438277399999997
fr360,councildata,#4b4c7a,CALLE JAZMIN 36,-3.666627500000000,40.478631399999998
fr361,councildata,#4b4c7a,CALLE RODRIGUEZ SAN PEDRO 73,-3.716572000000000,40.431816099999999
fr362,councildata,#4b4c7a,CALLE CASTROJERIZ 9,-3.740315400000000,40.385896000000002
fr363,councildata,#4b4c7a,CALLE GENERAL RICARDOS 122,-3.726520700000000,40.392039199999999
fr364,notcouncildata,#c855bc,CALLE MONTERA 38,-3.701701000000000,40.419256999999988
fr365,notcouncildata,#c855bc,CALLE ATOCHA 75,-3.698377100000000,40.412133200000000
fr366,notcouncildata,#c855bc,CALLE EMBAJADORES 43,-3.703645200000000,40.407177200000000
fr367,notcouncildata,#c855bc,CALLE ESTUDIOS 2,-3.707549000000000,40.412347599999997
fr368,notcouncildata,#c855bc,CALLE ATOCHA 56,-3.699018700000000,40.412190199999998
fr369,notcouncildata,#c855bc,CALLE EMBAJADORES 5,-3.706684600000000,40.410550899999997
fr370,notcouncildata,#c855bc,CALLE MARTIN DE VARGAS 8,-3.702920400000000,40.404031900000007
fr371,notcouncildata,#c855bc,CALLE BRAVO MURILLO 301,-3.697797300000000,40.462210700000000
fr372,notcouncildata,#c855bc,CALLE BRAVO MURILLO 311,-3.697099900000000,40.463046899999988
fr373,notcouncildata,#c855bc,AVENIDA MONFORTE DE LEMOS 36,-3.707023000000000,40.479832199999997
fr374,notcouncildata,#c855bc,AVENIDA MONFORTE DE LEMOS 36,-3.707023000000000,40.479832199999997
fr375,notcouncildata,#c855bc,PASEO FLORIDA 2,-3.720290799999999,40.421945699999988
fr376,notcouncildata,#c855bc,CALLE OCA 45,-3.737756700000000,40.389140699999999
fr377,notcouncildata,#c855bc,CALLE GENERAL RICARDOS 101,-3.724747200000000,40.392661799999999
fr378,notcouncildata,#c855bc,CALLE SAN SINESIO 34,-3.742747600000000,40.387708600000003
fr379,notcouncildata,#c855bc,CALLE CASUARIO 2,-3.741440600000000,40.386730100000001
fr380,notcouncildata,#c855bc,CALLE MARCELO USERA 84,-3.706539700000000,40.385857400000013
fr381,notcouncildata,#c855bc,CALLE ANTONIO LOPEZ 160,-3.700954700000000,40.389144700000003
fr382,notcouncildata,#c855bc,CALLE ANTONIO LOPEZ 174,-3.700165000000000,40.388278300000003
fr383,notcouncildata,#c855bc,AVENIDA MONTE IGUELDO 10,-3.668010000000000,40.396929999999998
fr384,notcouncildata,#c855bc,CALLE SAN DIEGO 116,-3.652166700000000,40.389598599999999
fr385,notcouncildata,#c855bc,AVENIDA SAN DIEGO 136,-3.665611600000000,40.384363800000003
fr386,notcouncildata,#c855bc,CALLE CARLOS MARTIN ALVAREZ 5,-3.661856799999999,40.391250900000003
fr387,notcouncildata,#c855bc,AVENIDA ALBUFERA 115,-3.659999400000000,40.393610899999999
fr388,notcouncildata,#c855bc,CALLE PUERTO DE ALCOLEA 4,-3.666470700000000,40.396247099999997
fr389,notcouncildata,#c855bc,CALLE RUICES 2,-3.665829499999999,40.393247199999998
fr390,notcouncildata,#c855bc,AVENIDA ALBUFERA 32,-3.666922300000000,40.396944099999999
fr391,notcouncildata,#c855bc,CALLE DOCTOR BELLIDO 2,-3.666966500000000,40.385409899999999
fr392,notcouncildata,#c855bc,AVENIDA ALBUFERA 19,-3.667369400000000,40.397519699999997
fr393,notcouncildata,#c855bc,AVENIDA MORATALAZ 115,-3.650640500000000,40.406234300000001
fr394,notcouncildata,#c855bc,CALLE DOCTOR MARTIN AREVALO 47,-3.704604799999999,40.346435600000000
fr395,notcouncildata,#c855bc,PASEO ALBERTO PALACIOS 7,-3.709810700000000,40.346157499999997
fr396,notcouncildata,#c855bc,PASEO ALBERTO PALACIOS 9,-3.710075700000000,40.346101500000003
fr397,notcouncildata,#c855bc,PASEO ALBERTO PALACIOS 21,-3.711604900000000,40.345904999999988
fr398,notcouncildata,#c855bc,PASEO GIGANTES Y CABEZUDOS 6,-3.694098400000000,40.360472899999998
fr399,notcouncildata,#c855bc,PASEO GIGANTES Y CABEZUDOS 8,-3.694083100000000,40.360304700000000
fr400,notcouncildata,#c855bc,PASEO GIGANTES Y CABEZUDOS 2,-3.693696400000000,40.352968699999998